624	1403150230	20040063	87	2017-2018	1
625	1403150101	20040063	71	2017-2018	1
626	1403150103	20040063	100	2017-2018	1
627	1403150104	20040063	98	2017-2018	1
628	1403150105	20040063	98	2017-2018	1
629	1403150106	20040063	76	2017-2018	1
630	1403150107	20040063	94	2017-2018	1
631	1403150108	20040063	88	2017-2018	1
632	1403150109	20040063	78	2017-2018	1
633	1403150110	20040063	83	2017-2018	1
634	1403150111	20040063	97	2017-2018	1
635	1403150113	20040063	87	2017-2018	1
636	1403150114	20040063	98	2017-2018	1
637	1403150115	20040063	90	2017-2018	1
638	1403150116	20040063	62	2017-2018	1
639	1403150117	20040063	45	2017-2018	1
640	1403150118	20040063	78	2017-2018	1
641	1403150119	20040063	96	2017-2018	1
642	1403150120	20040063	48	2017-2018	1
643	1403150121	20040063	92	2017-2018	1
644	1403150122	20040063	62	2017-2018	1
645	1403150123	20040063	83	2017-2018	1
646	1403150124	20040063	94	2017-2018	1
647	1403150125	20040063	64	2017-2018	1
648	1403150126	20040063	63	2017-2018	1
649	1403150127	20040063	62	2017-2018	1
650	1403150128	20040063	45	2017-2018	1
651	1403150129	20040063	62	2017-2018	1
652	1403150130	20040063	45	2017-2018	1
653	1403150131	20040063	62	2017-2018	1
654	1403140134	20040063	45	2017-2018	1
655	1403140205	20040063	62	2017-2018	1
656	1403150230	23030051	83	2017-2018	1
657	1403150101	23030051	82	2017-2018	1
658	1403150103	23030051	92	2017-2018	1
659	1403150104	23030051	90	2017-2018	1
660	1403150105	23030051	92	2017-2018	1
661	1403150106	23030051	90	2017-2018	1
662	1403150107	23030051	90	2017-2018	1
663	1403150108	23030051	90	2017-2018	1
664	1403150109	23030051	85	2017-2018	1
665	1403150110	23030051	85	2017-2018	1
666	1403150111	23030051	85	2017-2018	1
667	1403150113	23030051	82	2017-2018	1
668	1403150114	23030051	85	2017-2018	1
669	1403150115	23030051	84	2017-2018	1
670	1403150116	23030051	81	2017-2018	1
671	1403150117	23030051	81	2017-2018	1
672	1403150118	23030051	83	2017-2018	1
673	1403150119	23030051	83	2017-2018	1
674	1403150120	23030051	80	2017-2018	1
675	1403150121	23030051	84	2017-2018	1
676	1403150122	23030051	88	2017-2018	1
677	1403150123	23030051	88	2017-2018	1
678	1403150124	23030051	87	2017-2018	1
679	1403150125	23030051	86	2017-2018	1
680	1403150126	23030051	83	2017-2018	1
681	1403150127	23030051	81	2017-2018	1
682	1403150128	23030051	81	2017-2018	1
683	1403150129	23030051	81	2017-2018	1
684	1403150130	23030051	81	2017-2018	1
685	1403150131	23030051	81	2017-2018	1
686	1403140134	23030051	81	2017-2018	1
687	1403140205	23030051	81	2017-2018	1
688	1403150230	20050101	60	2017-2018	1
689	1403150101	20050101	83	2017-2018	1
690	1403150103	20050101	87	2017-2018	1
691	1403150104	20050101	90	2017-2018	1
692	1403150105	20050101	96	2017-2018	1
693	1403150106	20050101	94	2017-2018	1
694	1403150107	20050101	94	2017-2018	1
695	1403150108	20050101	92	2017-2018	1
696	1403150109	20050101	74	2017-2018	1
697	1403150110	20050101	74	2017-2018	1
698	1403150111	20050101	74	2017-2018	1
699	1403150113	20050101	61	2017-2018	1
700	1403150114	20050101	88	2017-2018	1
701	1403150115	20050101	83	2017-2018	1
702	1403150116	20050101	47	2017-2018	1
703	1403150117	20050101	50	2017-2018	1
704	1403150118	20050101	80	2017-2018	1
705	1403150119	20050101	77	2017-2018	1
706	1403150120	20050101	43	2017-2018	1
707	1403150121	20050101	82	2017-2018	1
708	1403150122	20050101	76	2017-2018	1
709	1403150123	20050101	65	2017-2018	1
710	1403150124	20050101	71	2017-2018	1
711	1403150125	20050101	49	2017-2018	1
712	1403150126	20050101	49	2017-2018	1
713	1403150127	20050101	47	2017-2018	1
714	1403150128	20050101	50	2017-2018	1
715	1403150129	20050101	47	2017-2018	1
716	1403150130	20050101	50	2017-2018	1
717	1403150131	20050101	47	2017-2018	1
718	1403140134	20050101	50	2017-2018	1
719	1403140205	20050101	47	2017-2018	1
720	1403150230	28010030	93	2017-2018	1
721	1403150101	28010030	97	2017-2018	1
722	1403150103	28010030	95	2017-2018	1
723	1403150104	28010030	97	2017-2018	1
724	1403150105	28010030	89	2017-2018	1
725	1403150106	28010030	87	2017-2018	1
726	1403150107	28010030	86	2017-2018	1
727	1403150108	28010030	85	2017-2018	1
728	1403150109	28010030	95	2017-2018	1
729	1403150110	28010030	95	2017-2018	1
730	1403150111	28010030	95	2017-2018	1
731	1403150113	28010030	78	2017-2018	1
732	1403150114	28010030	93	2017-2018	1
733	1403150115	28010030	84	2017-2018	1
734	1403150116	28010030	40	2017-2018	1
735	1403150117	28010030	85	2017-2018	1
736	1403150118	28010030	85	2017-2018	1
737	1403150119	28010030	90	2017-2018	1
738	1403150120	28010030	77	2017-2018	1
739	1403150121	28010030	97	2017-2018	1
740	1403150122	28010030	84	2017-2018	1
741	1403150123	28010030	88	2017-2018	1
742	1403150124	28010030	93	2017-2018	1
743	1403150125	28010030	83	2017-2018	1
744	1403150126	28010030	80	2017-2018	1
745	1403150127	28010030	40	2017-2018	1
746	1403150128	28010030	85	2017-2018	1
747	1403150129	28010030	40	2017-2018	1
748	1403150130	28010030	85	2017-2018	1
749	1403150131	28010030	40	2017-2018	1
750	1403140134	28010030	85	2017-2018	1
751	1403140205	28010030	40	2017-2018	1
752	1403150230	14040242	旷考	2017-2018	1
753	1403150101	14040242	70	2017-2018	1
754	1403150103	14040242	95	2017-2018	1
755	1403150104	14040242	88	2017-2018	1
756	1403150105	14040242	84	2017-2018	1
757	1403150106	14040242	78	2017-2018	1
758	1403150107	14040242	85	2017-2018	1
759	1403150108	14040242	91	2017-2018	1
760	1403150109	14040242	85	2017-2018	1
761	1403150110	14040242	85	2017-2018	1
762	1403150111	14040242	85	2017-2018	1
763	1403150113	14040242	66	2017-2018	1
764	1403150114	14040242	90	2017-2018	1
765	1403150115	14040242	78	2017-2018	1
766	1403150116	14040242	70	2017-2018	1
767	1403150117	14040242	65	2017-2018	1
768	1403150118	14040242	74	2017-2018	1
769	1403150119	14040242	80	2017-2018	1
770	1403150120	14040242	63	2017-2018	1
771	1403150121	14040242	85	2017-2018	1
772	1403150122	14040242	72	2017-2018	1
773	1403150123	14040242	61	2017-2018	1
774	1403150124	14040242	77	2017-2018	1
775	1403150125	14040242	61	2017-2018	1
776	1403150126	14040242	69	2017-2018	1
777	1403150127	14040242	70	2017-2018	1
778	1403150128	14040242	65	2017-2018	1
779	1403150129	14040242	70	2017-2018	1
780	1403150130	14040242	65	2017-2018	1
781	1403150131	14040242	70	2017-2018	1
782	1403140134	14040242	65	2017-2018	1
783	1403140205	14040242	70	2017-2018	1
784	1403150230	14040511	60	2017-2018	1
785	1403150101	14040511	60	2017-2018	1
786	1403150103	14040511	96	2017-2018	1
787	1403150104	14040511	92	2017-2018	1
788	1403150105	14040511	89	2017-2018	1
789	1403150106	14040511	79	2017-2018	1
790	1403150107	14040511	87	2017-2018	1
791	1403150108	14040511	93	2017-2018	1
792	1403150109	14040511	88	2017-2018	1
793	1403150110	14040511	88	2017-2018	1
794	1403150111	14040511	88	2017-2018	1
795	1403150113	14040511	68	2017-2018	1
796	1403150114	14040511	93	2017-2018	1
797	1403150115	14040511	85	2017-2018	1
798	1403150116	14040511	60	2017-2018	1
799	1403150117	14040511	16	2017-2018	1
800	1403150118	14040511	79	2017-2018	1
801	1403150119	14040511	93	2017-2018	1
802	1403150120	14040511	63	2017-2018	1
803	1403150121	14040511	92	2017-2018	1
804	1403150122	14040511	84	2017-2018	1
805	1403150123	14040511	71	2017-2018	1
806	1403150124	14040511	89	2017-2018	1
807	1403150125	14040511	60	2017-2018	1
808	1403150126	14040511	67	2017-2018	1
809	1403150127	14040511	60	2017-2018	1
810	1403150128	14040511	16	2017-2018	1
811	1403150129	14040511	60	2017-2018	1
812	1403150130	14040511	16	2017-2018	1
813	1403150131	14040511	60	2017-2018	1
814	1403140134	14040511	16	2017-2018	1
815	1403140205	14040511	60	2017-2018	1
816	1403150230	14040251	缓考	2017-2018	1
817	1403150101	14040251	优秀	2017-2018	1
818	1403150103	14040251	优秀	2017-2018	1
819	1403150104	14040251	优秀	2017-2018	1
820	1403150105	14040251	优秀	2017-2018	1
821	1403150106	14040251	优秀	2017-2018	1
822	1403150107	14040251	优秀	2017-2018	1
823	1403150108	14040251	优秀	2017-2018	1
824	1403150109	14040251	优秀	2017-2018	1
825	1403150110	14040251	优秀	2017-2018	1
826	1403150111	14040251	优秀	2017-2018	1
827	1403150113	14040251	优秀	2017-2018	1
828	1403150114	14040251	良好	2017-2018	1
829	1403150115	14040251	优秀	2017-2018	1
830	1403150116	14040251	良好	2017-2018	1
831	1403150117	14040251	良好	2017-2018	1
832	1403150118	14040251	良好	2017-2018	1
833	1403150119	14040251	优秀	2017-2018	1
834	1403150120	14040251	及格	2017-2018	1
835	1403150121	14040251	优秀	2017-2018	1
836	1403150122	14040251	良好	2017-2018	1
837	1403150123	14040251	中等	2017-2018	1
838	1403150124	14040251	优秀	2017-2018	1
839	1403150125	14040251	良好	2017-2018	1
840	1403150126	14040251	良好	2017-2018	1
841	1403150127	14040251	良好	2017-2018	1
842	1403150128	14040251	良好	2017-2018	1
843	1403150129	14040251	良好	2017-2018	1
844	1403150130	14040251	良好	2017-2018	1
845	1403150131	14040251	良好	2017-2018	1
846	1403140134	14040251	良好	2017-2018	1
847	1403140205	14040251	良好	2017-2018	1
848	1403150201	20040063	70	2017-2018	1
849	1403150202	20040063	70	2017-2018	1
850	1403150203	20040063	86	2017-2018	1
851	1403150204	20040063	72	2017-2018	1
852	1403150205	20040063	70	2017-2018	1
853	1403150206	20040063	72	2017-2018	1
854	1403150207	20040063	72	2017-2018	1
855	1403150208	20040063	73	2017-2018	1
856	1403150209	20040063	65	2017-2018	1
857	1403150210	20040063	70	2017-2018	1
858	1403150211	20040063	81	2017-2018	1
859	1403150212	20040063	70	2017-2018	1
860	1403150214	20040063	54	2017-2018	1
861	1403150215	20040063	50	2017-2018	1
862	1403150216	20040063	79	2017-2018	1
863	1403150217	20040063	73	2017-2018	1
864	1403150218	20040063	74	2017-2018	1
865	1403150219	20040063	74	2017-2018	1
866	1403150220	20040063	71	2017-2018	1
867	1403150221	20040063	89	2017-2018	1
868	1403150222	20040063	71	2017-2018	1
869	1403150223	20040063	70	2017-2018	1
870	1403150224	20040063	71	2017-2018	1
871	1403150225	20040063	72	2017-2018	1
872	1403150226	20040063	72	2017-2018	1
873	1403150227	20040063	70	2017-2018	1
874	1403150228	20040063	76	2017-2018	1
875	1403150229	20040063	71	2017-2018	1
876	3504150220	20040063	65	2017-2018	1
877	1403150102	20040063	80	2017-2018	1
878	1403150201	23030051	74	2017-2018	1
879	1403150202	23030051	60	2017-2018	1
880	1403150203	23030051	84	2017-2018	1
881	1403150204	23030051	74	2017-2018	1
882	1403150205	23030051	71	2017-2018	1
883	1403150206	23030051	67	2017-2018	1
884	1403150207	23030051	74	2017-2018	1
885	1403150208	23030051	75	2017-2018	1
886	1403150209	23030051	44	2017-2018	1
887	1403150210	23030051	65	2017-2018	1
888	1403150211	23030051	87	2017-2018	1
889	1403150212	23030051	72	2017-2018	1
890	1403150214	23030051	73	2017-2018	1
891	1403150215	23030051	60	2017-2018	1
892	1403150216	23030051	91	2017-2018	1
893	1403150217	23030051	74	2017-2018	1
894	1403150218	23030051	73	2017-2018	1
895	1403150219	23030051	76	2017-2018	1
896	1403150220	23030051	81	2017-2018	1
897	1403150221	23030051	83	2017-2018	1
898	1403150222	23030051	84	2017-2018	1
899	1403150223	23030051	69	2017-2018	1
900	1403150224	23030051	62	2017-2018	1
901	1403150225	23030051	77	2017-2018	1
902	1403150226	23030051	68	2017-2018	1
903	1403150227	23030051	74	2017-2018	1
904	1403150228	23030051	75	2017-2018	1
905	1403150229	23030051	48	2017-2018	1
906	3504150220	23030051	45	2017-2018	1
907	1403150102	23030051	80	2017-2018	1
908	1403150201	20050101	74	2017-2018	1
909	1403150202	20050101	69	2017-2018	1
910	1403150203	20050101	81	2017-2018	1
911	1403150204	20050101	76	2017-2018	1
912	1403150205	20050101	53	2017-2018	1
913	1403150206	20050101	65	2017-2018	1
914	1403150207	20050101	62	2017-2018	1
915	1403150208	20050101	80	2017-2018	1
916	1403150209	20050101	39	2017-2018	1
917	1403150210	20050101	43	2017-2018	1
918	1403150211	20050101	98	2017-2018	1
919	1403150212	20050101	61	2017-2018	1
920	1403150214	20050101	60	2017-2018	1
921	1403150215	20050101	33	2017-2018	1
922	1403150216	20050101	85	2017-2018	1
923	1403150217	20050101	63	2017-2018	1
924	1403150218	20050101	67	2017-2018	1
925	1403150219	20050101	70	2017-2018	1
926	1403150220	20050101	66	2017-2018	1
927	1403150221	20050101	87	2017-2018	1
928	1403150222	20050101	61	2017-2018	1
929	1403150223	20050101	85	2017-2018	1
930	1403150224	20050101	60	2017-2018	1
931	1403150225	20050101	65	2017-2018	1
932	1403150226	20050101	61	2017-2018	1
933	1403150227	20050101	66	2017-2018	1
934	1403150228	20050101	64	2017-2018	1
935	1403150229	20050101	73	2017-2018	1
936	3504150220	20050101	71	2017-2018	1
937	1403150102	20050101	80	2017-2018	1
938	1403150201	28010030	97	2017-2018	1
939	1403150202	28010030	94	2017-2018	1
940	1403150203	28010030	90	2017-2018	1
941	1403150204	28010030	94	2017-2018	1
942	1403150205	28010030	93	2017-2018	1
943	1403150206	28010030	92	2017-2018	1
944	1403150207	28010030	85	2017-2018	1
945	1403150208	28010030	93	2017-2018	1
946	1403150209	28010030	81	2017-2018	1
947	1403150210	28010030	90	2017-2018	1
948	1403150211	28010030	100	2017-2018	1
949	1403150212	28010030	90	2017-2018	1
950	1403150214	28010030	85	2017-2018	1
951	1403150215	28010030	78	2017-2018	1
952	1403150216	28010030	85	2017-2018	1
953	1403150217	28010030	95	2017-2018	1
954	1403150218	28010030	94	2017-2018	1
955	1403150219	28010030	98	2017-2018	1
956	1403150220	28010030	77	2017-2018	1
957	1403150221	28010030	100	2017-2018	1
958	1403150222	28010030	63	2017-2018	1
959	1403150223	28010030	93	2017-2018	1
960	1403150224	28010030	91	2017-2018	1
961	1403150225	28010030	98	2017-2018	1
962	1403150226	28010030	83	2017-2018	1
963	1403150227	28010030	96	2017-2018	1
964	1403150228	28010030	92	2017-2018	1
965	1403150229	28010030	85	2017-2018	1
966	3504150220	28010030	80	2017-2018	1
967	1403150102	28010030	80	2017-2018	1
968	1403150201	14040242	89	2017-2018	1
969	1403150202	14040242	87	2017-2018	1
970	1403150203	14040242	87	2017-2018	1
971	1403150204	14040242	85	2017-2018	1
972	1403150205	14040242	88	2017-2018	1
973	1403150206	14040242	81	2017-2018	1
974	1403150207	14040242	91	2017-2018	1
975	1403150208	14040242	90	2017-2018	1
976	1403150209	14040242	88	2017-2018	1
977	1403150210	14040242	89	2017-2018	1
978	1403150211	14040242	88	2017-2018	1
979	1403150212	14040242	92	2017-2018	1
980	1403150214	14040242	91	2017-2018	1
981	1403150215	14040242	77	2017-2018	1
982	1403150216	14040242	87	2017-2018	1
983	1403150217	14040242	87	2017-2018	1
984	1403150218	14040242	83	2017-2018	1
985	1403150219	14040242	95	2017-2018	1
986	1403150220	14040242	86	2017-2018	1
987	1403150221	14040242	83	2017-2018	1
988	1403150222	14040242	83	2017-2018	1
989	1403150223	14040242	81	2017-2018	1
990	1403150224	14040242	92	2017-2018	1
991	1403150225	14040242	80	2017-2018	1
992	1403150226	14040242	89	2017-2018	1
993	1403150227	14040242	85	2017-2018	1
994	1403150228	14040242	87	2017-2018	1
995	1403150229	14040242	71	2017-2018	1
996	3504150220	14040242	73	2017-2018	1
997	1403150102	14040242	54	2017-2018	1
998	1403150201	14040511	71	2017-2018	1
999	1403150202	14040511	71	2017-2018	1
1000	1403150203	14040511	90	2017-2018	1
1001	1403150204	14040511	86	2017-2018	1
1002	1403150205	14040511	61	2017-2018	1
1003	1403150206	14040511	74	2017-2018	1
1004	1403150207	14040511	77	2017-2018	1
1005	1403150208	14040511	84	2017-2018	1
1006	1403150209	14040511	64	2017-2018	1
1007	1403150210	14040511	60	2017-2018	1
1008	1403150211	14040511	91	2017-2018	1
1009	1403150212	14040511	62	2017-2018	1
1010	1403150214	14040511	67	2017-2018	1
1011	1403150215	14040511	26	2017-2018	1
1012	1403150216	14040511	84	2017-2018	1
1013	1403150217	14040511	76	2017-2018	1
1014	1403150218	14040511	77	2017-2018	1
1015	1403150219	14040511	65	2017-2018	1
1016	1403150220	14040511	67	2017-2018	1
1017	1403150221	14040511	91	2017-2018	1
1018	1403150222	14040511	70	2017-2018	1
1019	1403150223	14040511	87	2017-2018	1
1020	1403150224	14040511	63	2017-2018	1
1021	1403150225	14040511	76	2017-2018	1
1022	1403150226	14040511	64	2017-2018	1
1023	1403150227	14040511	60	2017-2018	1
1024	1403150228	14040511	68	2017-2018	1
1025	1403150229	14040511	74	2017-2018	1
1026	3504150220	14040511	64	2017-2018	1
1027	1403150102	14040511	74	2017-2018	1
1028	1403150201	14040251	良好	2017-2018	1
1029	1403150202	14040251	优秀	2017-2018	1
1030	1403150203	14040251	优秀	2017-2018	1
1031	1403150204	14040251	优秀	2017-2018	1
1032	1403150205	14040251	优秀	2017-2018	1
1033	1403150206	14040251	良好	2017-2018	1
1034	1403150207	14040251	良好	2017-2018	1
1035	1403150208	14040251	良好	2017-2018	1
1036	1403150209	14040251	中等	2017-2018	1
1037	1403150210	14040251	中等	2017-2018	1
1038	1403150211	14040251	良好	2017-2018	1
1039	1403150212	14040251	良好	2017-2018	1
1040	1403150214	14040251	中等	2017-2018	1
1041	1403150215	14040251	及格	2017-2018	1
1042	1403150216	14040251	良好	2017-2018	1
1043	1403150217	14040251	良好	2017-2018	1
1044	1403150218	14040251	良好	2017-2018	1
1045	1403150219	14040251	良好	2017-2018	1
1046	1403150220	14040251	良好	2017-2018	1
1047	1403150221	14040251	良好	2017-2018	1
1048	1403150222	14040251	及格	2017-2018	1
1049	1403150223	14040251	良好	2017-2018	1
1050	1403150224	14040251	良好	2017-2018	1
1051	1403150225	14040251	及格	2017-2018	1
1052	1403150226	14040251	良好	2017-2018	1
1053	1403150227	14040251	中等	2017-2018	1
1054	1403150228	14040251	优秀	2017-2018	1
1055	1403150229	14040251	中等	2017-2018	1
1056	3504150220	14040251	及格	2017-2018	1
1057	1403150102	14040251	中等	2017-2018	1
1058	3504150220	12060051	95		
1059	3504150220	12060051	99		
1060	3504150220	14010271	88		
1061	3504150220	14010402	66		
1062	3504150220	14020101	80		
1063	3504150220	14020111	85		
1064	3504150220	14030123	87		
1065	3504150220	14030123	操作系统		
1066	3504150220	14030123	数据结构		
1067	3504150220	14030123	移动应用开		
1068	3504150220	14030123	物联网技术		
1069	1403160101	14010271	良好		
1070	1403160101	14040421	79		
1071	1403160101	14040402	93		
1072	1403160101	14040811	良好		
1073	1403160102	14010271	优秀		
1074	1403160102	14040421	84		
1075	1403160102	14040402	91		
1076	1403160102	14040811	优秀		
1077	1403160103	14010271	优秀		
1078	1403160103	14040421	72		
1079	1403160103	14040402	93		
1080	1403160103	14040811	优秀		
1081	1403160104	14010271	优秀		
1082	1403160104	14040421	84		
1083	1403160104	14040402	77		
1084	1403160104	14040811	优秀		
1085	1403160105	14010271	优秀		
1086	1403160105	14040421	94		
1087	1403160105	14040402	74		
1088	1403160105	14040811	优秀		
1089	1403160106	14010271	良好		
1090	1403160106	14040421	78		
1091	1403160106	14040402	94		
1092	1403160106	14040811	优秀		
1093	1403160107	14010271	良好		
1094	1403160107	14040421	88		
1095	1403160107	14040402	80		
1096	1403160107	14040811	优秀		
1097	1403160108	14010271	良好		
1098	1403160108	14040421	80		
1099	1403160108	14040402	86		
1100	1403160108	14040811	优秀		
1101	1403160109	14010271	中等		
1102	1403160109	14040421	74		
1103	1403160109	14040402	77		
1104	1403160109	14040811	优秀		
1105	1403160110	14010271	中等		
1106	1403160110	14040421	84		
1107	1403160110	14040402	87		
1108	1403160110	14040811	优秀		
1109	1403160111	14010271	良好		
1110	1403160111	14040421	82		
1111	1403160111	14040402	93		
1112	1403160111	14040811	良好		
1113	1403160112	14010271	良好		
1114	1403160112	14040421	83		
1115	1403160112	14040402	70		
1116	1403160112	14040811	优秀		
1117	1403160113	14010271	中等		
1118	1403160113	14040421	81		
1119	1403160113	14040402	93		
1120	1403160113	14040811	良好		
1121	1403160114	14010271	及格		
1122	1403160114	14040421	84		
1123	1403160114	14040402	76		
1124	1403160114	14040811	良好		
1125	1403160115	14010271	良好		
1126	1403160115	14040421	75		
1127	1403160115	14040402	70		
1128	1403160115	14040811	良好		
1129	1403160116	14010271	良好		
1130	1403160116	14040421	77		
1131	1403160116	14040402	85		
1132	1403160116	14040811	优秀		
1133	1403160117	14010271	良好		
1134	1403160117	14040421	77		
1135	1403160117	14040402	77		
1136	1403160117	14040811	及格		
1137	1403160118	14010271	良好		
1138	1403160118	14040421	92		
1139	1403160118	14040402	73		
1140	1403160118	14040811	优秀		
1141	1403160119	14010271	良好		
1142	1403160119	14040421	82		
1143	1403160119	14040402	90		
1144	1403160119	14040811	良好		
1145	1403160120	14010271	良好		
1146	1403160120	14040421	77		
1147	1403160120	14040402	80		
1148	1403160120	14040811	中等		
1149	1403160121	14010271	及格		
1150	1403160121	14040421	80		
1151	1403160121	14040402	76		
1152	1403160121	14040811	优秀		
1153	1403160122	14010271	良好		
1154	1403160122	14040421	88		
1155	1403160122	14040402	70		
1156	1403160122	14040811	良好		
1157	1403160123	14010271	良好		
1158	1403160123	14040421	81		
1159	1403160123	14040402	84		
1160	1403160123	14040811	良好		
1161	1403160124	14010271	及格		
1162	1403160124	14040421	85		
1163	1403160124	14040402	94		
1164	1403160124	14040811	良好		
1165	1403160125	14010271	良好		
1166	1403160125	14040421	84		
1167	1403160125	14040402	81		
1168	1403160125	14040811	优秀		
1169	1403160126	14010271	中等		
1170	1403160126	14040421	76		
1171	1403160126	14040402	94		
1172	1403160126	14040811	优秀		
1173	1403160127	14010271	优秀		
1174	1403160127	14040421	81		
1175	1403160127	14040402	76		
1176	1403160127	14040811	优秀		
1177	1403160128	14010271	良好		
1178	1403160128	14040421	75		
1179	1403160128	14040402	88		
1180	1403160128	14040811	优秀		
1181	1403160129	14010271	优秀		
1182	1403160129	14040421	76		
1183	1403160129	14040402	77		
1184	1403160129	14040811	优秀		
1185	1403160130	14010271	优秀		
1186	1403160130	14040421	93		
1187	1403160130	14040402	70		
1188	1403160130	14040811	优秀		
1189	1403160131	14010271	优秀		
1190	1403160131	14040421	81		
1191	1403160131	14040402	74		
1192	1403160131	14040811	优秀		
1193	1403160132	14010271	优秀		
1194	1403160132	14040421	81		
1195	1403160132	14040402	91		
1196	1403160132	14040811	优秀		
1197	1403160133	14010271	良好		
1198	1403160133	14040421	71		
1199	1403160133	14040402	91		
1200	1403160133	14040811	优秀		
1201	1804160328	14010271	良好		
1202	1804160328	14040421	80		
1203	1804160328	14040402	86		
1204	1804160328	14040811	良好		
1205	1403160201	14010271	良好		
1206	1403160201	14040421	76		
1207	1403160201	14040402	88		
1208	1403160201	14040811	优秀		
1209	1403160202	14010271	中等		
1210	1403160202	14040421	87		
1211	1403160202	14040402	87		
1212	1403160202	14040811	良好		
1213	1403160203	14010271	中等		
1214	1403160203	14040421	81		
1215	1403160203	14040402	86		
1216	1403160203	14040811	良好		
1217	1403160204	14010271	良好		
1218	1403160204	14040421	79		
1219	1403160204	14040402	70		
1220	1403160204	14040811	良好		
1221	1403160205	14010271	良好		
1222	1403160205	14040421	75		
1223	1403160205	14040402	78		
1224	1403160205	14040811	优秀		
1225	1403160206	14010271	中等		
1226	1403160206	14040421	94		
1227	1403160206	14040402	91		
1228	1403160206	14040811	及格		
1229	1403160207	14010271	及格		
1230	1403160207	14040421	84		
1231	1403160207	14040402	84		
1232	1403160207	14040811	优秀		
1233	1403160208	14010271	良好		
1234	1403160208	14040421	83		
1235	1403160208	14040402	94		
1236	1403160208	14040811	良好		
1237	1403160209	14010271	良好		
1238	1403160209	14040421	76		
1239	1403160209	14040402	78		
1240	1403160209	14040811	中等		
1241	1403160210	14010271	良好		
1242	1403160210	14040421	77		
1243	1403160210	14040402	83		
1244	1403160210	14040811	优秀		
1245	1403160211	14010271	良好		
1246	1403160211	14040421	84		
1247	1403160211	14040402	87		
1248	1403160211	14040811	良好		
1249	1403160212	14010271	良好		
1250	1403160212	14040421	77		
1251	1403160212	14040402	75		
1252	1403160212	14040811	良好		
1253	1403160213	14010271	良好		
1254	1403160213	14040421	81		
1255	1403160213	14040402	91		
1256	1403160213	14040811	良好		
1257	1403160214	14010271	及格		
1258	1403160214	14040421	90		
1259	1403160214	14040402	78		
1260	1403160214	14040811	优秀		
1261	1403160215	14010271	良好		
1262	1403160215	14040421	91		
1263	1403160215	14040402	88		
1264	1403160215	14040811	优秀		
1265	1403160216	14010271	良好		
1266	1403160216	14040421	87		
1267	1403160216	14040402	87		
1268	1403160216	14040811	优秀		
1269	1403160217	14010271	及格		
1270	1403160217	14040421	84		
1271	1403160217	14040402	76		
1272	1403160217	14040811	优秀		
1273	1403160218	14010271	良好		
1274	1403160218	14040421	93		
1275	1403160218	14040402	79		
1276	1403160218	14040811	优秀		
1277	1403160219	14010271	中等		
1278	1403160219	14040421	87		
1279	1403160219	14040402	73		
1280	1403160219	14040811	优秀		
1281	1403160221	14010271	优秀		
1282	1403160221	14040421	94		
1283	1403160221	14040402	89		
1284	1403160221	14040811	优秀		
1285	1403160222	14010271	良好		
1286	1403160222	14040421	88		
1287	1403160222	14040402	82		
1288	1403160222	14040811	优秀		
1289	1403160223	14010271	优秀		
1290	1403160223	14040421	79		
1291	1403160223	14040402	80		
1292	1403160223	14040811	优秀		
1293	1403160224	14010271	优秀		
1294	1403160224	14040421	82		
1295	1403160224	14040402	79		
1296	1403160224	14040811	良好		
1297	1403160225	14010271	优秀		
1298	1403160225	14040421	74		
1299	1403160225	14040402	72		
1300	1403160225	14040811	优秀		
1301	1403160226	14010271	优秀		
1302	1403160226	14040421	86		
1303	1403160226	14040402	73		
1304	1403160226	14040811	良好		
1305	1403160227	14010271	良好		
1306	1403160227	14040421	77		
1307	1403160227	14040402	71		
1308	1403160227	14040811	良好		
1309	1403160228	14010271	良好		
1310	1403160228	14040421	83		
1311	1403160228	14040402	81		
1312	1403160228	14040811	良好		
1313	1403160229	14010271	良好		
1314	1403160229	14040421	86		
1315	1403160229	14040402	94		
1316	1403160229	14040811	优秀		
1317	1403160231	14010271	良好		
1318	1403160231	14040421	86		
1319	1403160231	14040402	74		
1320	1403160231	14040811	良好		
1321	1403160232	14010271	良好		
1322	1403160232	14040421	81		
1323	1403160232	14040402	91		
1324	1403160232	14040811	良好		
1325	1211160111	14010271	及格		
1326	1211160111	14040421	90		
1327	1211160111	14040402	78		
1328	1211160111	14040811	优秀		
1329	1403160233	14010271	良好		
1330	1403160233	14040421	91		
1331	1403160233	14040402	88		
1332	1403160233	14040811	优秀		
1333	1403160101	14010271	良好		
1334	1403160101	14040421	79		
1335	1403160101	14040402	93		
1336	1403160101	14040811	良好		
1337	1403160102	14010271	优秀		
1338	1403160102	14040421	84		
1339	1403160102	14040402	91		
1340	1403160102	14040811	优秀		
1341	1403160103	14010271	优秀		
1342	1403160103	14040421	72		
1343	1403160103	14040402	93		
1344	1403160103	14040811	优秀		
1345	1403160104	14010271	优秀		
1346	1403160104	14040421	84		
1347	1403160104	14040402	77		
1348	1403160104	14040811	优秀		
1349	1403160105	14010271	优秀		
1350	1403160105	14040421	94		
1351	1403160105	14040402	74		
1352	1403160105	14040811	优秀		
1353	1403160106	14010271	良好		
1354	1403160106	14040421	78		
1355	1403160106	14040402	94		
1356	1403160106	14040811	优秀		
1357	1403160107	14010271	良好		
1358	1403160107	14040421	88		
1359	1403160107	14040402	80		
1360	1403160107	14040811	优秀		
1361	1403160108	14010271	良好		
1362	1403160108	14040421	80		
1363	1403160108	14040402	86		
1364	1403160108	14040811	优秀		
1365	1403160109	14010271	中等		
1366	1403160109	14040421	74		
1367	1403160109	14040402	77		
1368	1403160109	14040811	优秀		
1369	1403160110	14010271	中等		
1370	1403160110	14040421	84		
1371	1403160110	14040402	87		
1372	1403160110	14040811	优秀		
1373	1403160111	14010271	良好		
1374	1403160111	14040421	82		
1375	1403160111	14040402	93		
1376	1403160111	14040811	良好		
1377	1403160112	14010271	良好		
1378	1403160112	14040421	83		
1379	1403160112	14040402	70		
1380	1403160112	14040811	优秀		
1381	1403160113	14010271	中等		
1382	1403160113	14040421	81		
1383	1403160113	14040402	93		
1384	1403160113	14040811	良好		
1385	1403160114	14010271	及格		
1386	1403160114	14040421	84		
1387	1403160114	14040402	76		
1388	1403160114	14040811	良好		
1389	1403160115	14010271	良好		
1390	1403160115	14040421	75		
1391	1403160115	14040402	70		
1392	1403160115	14040811	良好		
1393	1403160116	14010271	良好		
1394	1403160116	14040421	77		
1395	1403160116	14040402	85		
1396	1403160116	14040811	优秀		
1397	1403160117	14010271	良好		
1398	1403160117	14040421	77		
1399	1403160117	14040402	77		
1400	1403160117	14040811	及格		
1401	1403160118	14010271	良好		
1402	1403160118	14040421	92		
1403	1403160118	14040402	73		
1404	1403160118	14040811	优秀		
1405	1403160119	14010271	良好		
1406	1403160119	14040421	82		
1407	1403160119	14040402	90		
1408	1403160119	14040811	良好		
1409	1403160120	14010271	良好		
1410	1403160120	14040421	77		
1411	1403160120	14040402	80		
1412	1403160120	14040811	中等		
1413	1403160121	14010271	及格		
1414	1403160121	14040421	80		
1415	1403160121	14040402	76		
1416	1403160121	14040811	优秀		
1417	1403160122	14010271	良好		
1418	1403160122	14040421	88		
1419	1403160122	14040402	70		
1420	1403160122	14040811	良好		
1421	1403160123	14010271	良好		
1422	1403160123	14040421	81		
1423	1403160123	14040402	84		
1424	1403160123	14040811	良好		
1425	1403160124	14010271	及格		
1426	1403160124	14040421	85		
1427	1403160124	14040402	94		
1428	1403160124	14040811	良好		
1429	1403160125	14010271	良好		
1430	1403160125	14040421	84		
1431	1403160125	14040402	81		
1432	1403160125	14040811	优秀		
1433	1403160126	14010271	中等		
1434	1403160126	14040421	76		
1435	1403160126	14040402	94		
1436	1403160126	14040811	优秀		
1437	1403160127	14010271	优秀		
1438	1403160127	14040421	81		
1439	1403160127	14040402	76		
1440	1403160127	14040811	优秀		
1441	1403160128	14010271	良好		
1442	1403160128	14040421	75		
1443	1403160128	14040402	88		
1444	1403160128	14040811	优秀		
1445	1403160129	14010271	优秀		
1446	1403160129	14040421	76		
1447	1403160129	14040402	77		
1448	1403160129	14040811	优秀		
1449	1403160130	14010271	优秀		
1450	1403160130	14040421	93		
1451	1403160130	14040402	70		
1452	1403160130	14040811	优秀		
1453	1403160131	14010271	优秀		
1454	1403160131	14040421	81		
1455	1403160131	14040402	74		
1456	1403160131	14040811	优秀		
1457	1403160132	14010271	优秀		
1458	1403160132	14040421	81		
1459	1403160132	14040402	91		
1460	1403160132	14040811	优秀		
1461	1403160133	14010271	良好		
1462	1403160133	14040421	71		
1463	1403160133	14040402	91		
1464	1403160133	14040811	优秀		
1465	1804160328	14010271	良好		
1466	1804160328	14040421	80		
1467	1804160328	14040402	86		
1468	1804160328	14040811	良好		
1469	1403160201	14010271	良好		
1470	1403160201	14040421	76		
1471	1403160201	14040402	88		
1472	1403160201	14040811	优秀		
1473	1403160202	14010271	中等		
1474	1403160202	14040421	87		
1475	1403160202	14040402	87		
1476	1403160202	14040811	良好		
1477	1403160203	14010271	中等		
1478	1403160203	14040421	81		
1479	1403160203	14040402	86		
1480	1403160203	14040811	良好		
1481	1403160204	14010271	良好		
1482	1403160204	14040421	79		
1483	1403160204	14040402	70		
1484	1403160204	14040811	良好		
1485	1403160205	14010271	良好		
1486	1403160205	14040421	75		
1487	1403160205	14040402	78		
1488	1403160205	14040811	优秀		
1489	1403160206	14010271	中等		
1490	1403160206	14040421	94		
1491	1403160206	14040402	91		
1492	1403160206	14040811	及格		
1493	1403160207	14010271	及格		
1494	1403160207	14040421	84		
1495	1403160207	14040402	84		
1496	1403160207	14040811	优秀		
1497	1403160208	14010271	良好		
1498	1403160208	14040421	83		
1499	1403160208	14040402	94		
1500	1403160208	14040811	良好		
1501	1403160209	14010271	良好		
1502	1403160209	14040421	76		
1503	1403160209	14040402	78		
1504	1403160209	14040811	中等		
1505	1403160210	14010271	良好		
1506	1403160210	14040421	77		
1507	1403160210	14040402	83		
1508	1403160210	14040811	优秀		
1509	1403160211	14010271	良好		
1510	1403160211	14040421	84		
1511	1403160211	14040402	87		
1512	1403160211	14040811	良好		
1513	1403160212	14010271	良好		
1514	1403160212	14040421	77		
1515	1403160212	14040402	75		
1516	1403160212	14040811	良好		
1517	1403160213	14010271	良好		
1518	1403160213	14040421	81		
1519	1403160213	14040402	91		
1520	1403160213	14040811	良好		
1521	1403160214	14010271	及格		
1522	1403160214	14040421	90		
1523	1403160214	14040402	78		
1524	1403160214	14040811	优秀		
1525	1403160215	14010271	良好		
1526	1403160215	14040421	91		
1527	1403160215	14040402	88		
1528	1403160215	14040811	优秀		
1529	1403160216	14010271	良好		
1530	1403160216	14040421	87		
1531	1403160216	14040402	87		
1532	1403160216	14040811	优秀		
1533	1403160217	14010271	及格		
1534	1403160217	14040421	84		
1535	1403160217	14040402	76		
1536	1403160217	14040811	优秀		
1537	1403160218	14010271	良好		
1538	1403160218	14040421	93		
1539	1403160218	14040402	79		
1540	1403160218	14040811	优秀		
1541	1403160219	14010271	中等		
1542	1403160219	14040421	87		
1543	1403160219	14040402	73		
1544	1403160219	14040811	优秀		
1545	1403160221	14010271	优秀		
1546	1403160221	14040421	94		
1547	1403160221	14040402	89		
1548	1403160221	14040811	优秀		
1549	1403160222	14010271	良好		
1550	1403160222	14040421	88		
1551	1403160222	14040402	82		
1552	1403160222	14040811	优秀		
1553	1403160223	14010271	优秀		
1554	1403160223	14040421	79		
1555	1403160223	14040402	80		
1556	1403160223	14040811	优秀		
1557	1403160224	14010271	优秀		
1558	1403160224	14040421	82		
1559	1403160224	14040402	79		
1560	1403160224	14040811	良好		
1561	1403160225	14010271	优秀		
1562	1403160225	14040421	74		
1563	1403160225	14040402	72		
1564	1403160225	14040811	优秀		
1565	1403160226	14010271	优秀		
1566	1403160226	14040421	86		
1567	1403160226	14040402	73		
1568	1403160226	14040811	良好		
1569	1403160227	14010271	良好		
1570	1403160227	14040421	77		
1571	1403160227	14040402	71		
1572	1403160227	14040811	良好		
1573	1403160228	14010271	良好		
1574	1403160228	14040421	83		
1575	1403160228	14040402	81		
1576	1403160228	14040811	良好		
1577	1403160229	14010271	良好		
1578	1403160229	14040421	86		
1579	1403160229	14040402	94		
1580	1403160229	14040811	优秀		
1581	1403160231	14010271	良好		
1582	1403160231	14040421	86		
1583	1403160231	14040402	74		
1584	1403160231	14040811	良好		
1585	1403160232	14010271	良好		
1586	1403160232	14040421	81		
1587	1403160232	14040402	91		
1588	1403160232	14040811	良好		
1589	1211160111	14010271	及格		
1590	1211160111	14040421	90		
1591	1211160111	14040402	78		
1592	1211160111	14040811	优秀		
1593	1403160233	14010271	良好		
1594	1403160233	14040421	91		
1595	1403160233	14040402	88		
1596	1403160233	14040811	优秀		
1597	1403150230	12060051	60		
1598	1403150230	12060051	60		
1599	1403150230	14020111	60		
1600	1403150224	12060051	58		
1601	1403150224	14010402	45		
